Vendor,Vendor SKU,Link,Price,Shape,Carat Weight,Color Grade,Cut Grade,Clarity Grade,Grading Lab,Origin
James Allen,28612623,https://www.jamesallen.com/loose-diamonds/round-cut/0.29-carat-d-color-vs2-clarity-very-good-cut-sku-28612623,220,Round,0.29,D,Very Good,VS2,IGI,Lab Grown
James Allen,28612741,https://www.jamesallen.com/loose-diamonds/round-cut/0.29-carat-d-color-vvs2-clarity-good-cut-sku-28612741,240,Round,0.29,D,Good,VVS2,IGI,Lab Grown
James Allen,23784189,https://www.jamesallen.com/loose-diamonds/round-cut/0.31-carat-d-color-si1-clarity-ideal-cut-sku-23784189,240,Round,0.31,D,Ideal,SI1,IGI,Lab Grown
James Allen,27973699,https://www.jamesallen.com/loose-diamonds/round-cut/0.32-carat-e-color-vs2-clarity-ideal-cut-sku-27973699,250,Round,0.32,E,Ideal,VS2,IGI,Lab Grown
James Allen,28654866,https://www.jamesallen.com/loose-diamonds/round-cut/0.30-carat-d-color-vs2-clarity-ideal-cut-sku-28654866,250,Round,0.30,D,Ideal,VS2,IGI,Lab Grown
James Allen,28600418,https://www.jamesallen.com/loose-diamonds/round-cut/0.31-carat-d-color-vs2-clarity-ideal-cut-sku-28600418,250,Round,0.31,D,Ideal,VS2,IGI,Lab Grown
James Allen,28617212,https://www.jamesallen.com/loose-diamonds/round-cut/0.31-carat-d-color-vs2-clarity-ideal-cut-sku-28617212,250,Round,0.31,D,Ideal,VS2,IGI,Lab Grown
James Allen,24217228,https://www.jamesallen.com/loose-diamonds/round-cut/0.32-carat-d-color-si1-clarity-excellent-cut-sku-24217228,260,Round,0.32,D,Excellent,SI1,IGI,Lab Grown
James Allen,28483813,https://www.jamesallen.com/loose-diamonds/round-cut/0.33-carat-e-color-vs2-clarity-ideal-cut-sku-28483813,260,Round,0.33,E,Ideal,VS2,IGI,Lab Grown
James Allen,28530495,https://www.jamesallen.com/loose-diamonds/round-cut/0.33-carat-e-color-vs2-clarity-ideal-cut-sku-28530495,260,Round,0.33,E,Ideal,VS2,IGI,Lab Grown
James Allen,28654928,https://www.jamesallen.com/loose-diamonds/round-cut/0.32-carat-d-color-vs2-clarity-ideal-cut-sku-28654928,260,Round,0.32,D,Ideal,VS2,IGI,Lab Grown
James Allen,28600687,https://www.jamesallen.com/loose-diamonds/round-cut/0.32-carat-d-color-vs2-clarity-ideal-cut-sku-28600687,260,Round,0.32,D,Ideal,VS2,IGI,Lab Grown
James Allen,28433916,https://www.jamesallen.com/loose-diamonds/round-cut/0.33-carat-e-color-vs2-clarity-ideal-cut-sku-28433916,260,Round,0.33,E,Ideal,VS2,IGI,Lab Grown
James Allen,28616907,https://www.jamesallen.com/loose-diamonds/round-cut/0.32-carat-d-color-vs2-clarity-ideal-cut-sku-28616907,260,Round,0.32,D,Ideal,VS2,IGI,Lab Grown
James Allen,28654871,https://www.jamesallen.com/loose-diamonds/round-cut/0.31-carat-d-color-vs1-clarity-ideal-cut-sku-28654871,260,Round,0.31,D,Ideal,VS1,IGI,Lab Grown
James Allen,28654359,https://www.jamesallen.com/loose-diamonds/round-cut/0.31-carat-d-color-vs1-clarity-ideal-cut-sku-28654359,260,Round,0.31,D,Ideal,VS1,IGI,Lab Grown
James Allen,28654940,https://www.jamesallen.com/loose-diamonds/round-cut/0.31-carat-e-color-vs1-clarity-ideal-cut-sku-28654940,260,Round,0.31,E,Ideal,VS1,IGI,Lab Grown
James Allen,28654954,https://www.jamesallen.com/loose-diamonds/round-cut/0.30-carat-d-color-vs1-clarity-ideal-cut-sku-28654954,260,Round,0.30,D,Ideal,VS1,IGI,Lab Grown
James Allen,28655111,https://www.jamesallen.com/loose-diamonds/round-cut/0.30-carat-d-color-vs1-clarity-excellent-cut-sku-28655111,260,Round,0.30,D,Excellent,VS1,IGI,Lab Grown
James Allen,28655042,https://www.jamesallen.com/loose-diamonds/round-cut/0.31-carat-d-color-vs1-clarity-excellent-cut-sku-28655042,260,Round,0.31,D,Excellent,VS1,IGI,Lab Grown
James Allen,28654930,https://www.jamesallen.com/loose-diamonds/round-cut/0.30-carat-d-color-vs1-clarity-ideal-cut-sku-28654930,260,Round,0.30,D,Ideal,VS1,IGI,Lab Grown
James Allen,28654139,https://www.jamesallen.com/loose-diamonds/round-cut/0.30-carat-d-color-vs1-clarity-ideal-cut-sku-28654139,260,Round,0.30,D,Ideal,VS1,IGI,Lab Grown
James Allen,28627508,https://www.jamesallen.com/loose-diamonds/round-cut/0.31-carat-d-color-vs1-clarity-ideal-cut-sku-28627508,260,Round,0.31,D,Ideal,VS1,IGI,Lab Grown
James Allen,22413064,https://www.jamesallen.com/loose-diamonds/round-cut/0.35-carat-d-color-si1-clarity-ideal-cut-sku-22413064,270,Round,0.35,D,Ideal,SI1,IGI,Lab Grown
James Allen,24650117,https://www.jamesallen.com/loose-diamonds/round-cut/0.35-carat-d-color-si1-clarity-ideal-cut-sku-24650117,270,Round,0.35,D,Ideal,SI1,IGI,Lab Grown
James Allen,22795153,https://www.jamesallen.com/loose-diamonds/round-cut/0.35-carat-d-color-si1-clarity-ideal-cut-sku-22795153,270,Round,0.35,D,Ideal,SI1,IGI,Lab Grown
James Allen,27802790,https://www.jamesallen.com/loose-diamonds/round-cut/0.33-carat-d-color-vs2-clarity-ideal-cut-sku-27802790,270,Round,0.33,D,Ideal,VS2,IGI,Lab Grown
James Allen,28242162,https://www.jamesallen.com/loose-diamonds/round-cut/0.33-carat-d-color-vs2-clarity-ideal-cut-sku-28242162,270,Round,0.33,D,Ideal,VS2,IGI,Lab Grown
James Allen,28654398,https://www.jamesallen.com/loose-diamonds/round-cut/0.33-carat-d-color-vs2-clarity-ideal-cut-sku-28654398,270,Round,0.33,D,Ideal,VS2,IGI,Lab Grown
James Allen,27174125,https://www.jamesallen.com/loose-diamonds/round-cut/0.33-carat-d-color-vs2-clarity-ideal-cut-sku-27174125,270,Round,0.33,D,Ideal,VS2,IGI,Lab Grown
James Allen,28406633,https://www.jamesallen.com/loose-diamonds/round-cut/0.33-carat-d-color-vs2-clarity-ideal-cut-sku-28406633,270,Round,0.33,D,Ideal,VS2,IGI,Lab Grown
James Allen,28627493,https://www.jamesallen.com/loose-diamonds/round-cut/0.33-carat-d-color-vs2-clarity-ideal-cut-sku-28627493,270,Round,0.33,D,Ideal,VS2,IGI,Lab Grown
James Allen,10313499,https://www.jamesallen.com/loose-diamonds/cushion-cut/0.70-carat-d-color-vs2-clarity-sku-10313499,560,Cushion,0.70,D,Very Good,VS2,GIA,Lab Grown
James Allen,15772843,https://www.jamesallen.com/loose-diamonds/round-cut/0.70-carat-d-color-vs1-clarity-very-good-cut-sku-15772843,500,Round,0.70,D,Very Good,VS1,GIA,Lab Grown
James Allen,15821375,https://www.jamesallen.com/loose-diamonds/round-cut/0.72-carat-d-color-vvs1-clarity-good-cut-sku-15821375,550,Round,0.72,D,Good,VVS1,GIA,Lab Grown
James Allen,16134575,https://www.jamesallen.com/loose-diamonds/round-cut/0.72-carat-d-color-vs2-clarity-very-good-cut-sku-16134575,500,Round,0.72,D,Very Good,VS2,GIA,Lab Grown
James Allen,16302661,https://www.jamesallen.com/loose-diamonds/round-cut/0.72-carat-d-color-vs2-clarity-very-good-cut-sku-16302661,500,Round,0.72,D,Very Good,VS2,GIA,Lab Grown
James Allen,18016062,https://www.jamesallen.com/loose-diamonds/octagon-cut/0.60-carat-g-color-vvs2-clarity-sku-18016062,560,,0.60,G,Ideal,VVS2,IGI,Lab Grown
James Allen,8956894,https://www.jamesallen.com/loose-diamonds/pear-shaped/0.48-carat-f-color-vs2-clarity-sku-8956894,500,Pear,0.48,F,Excellent,VS2,GCAL,Lab Grown
James Allen,8957095,https://www.jamesallen.com/loose-diamonds/pear-shaped/0.46-carat-f-color-vs1-clarity-sku-8957095,500,Pear,0.46,F,Very Good,VS1,GCAL,Lab Grown
James Allen,27303228,https://www.jamesallen.com/loose-diamonds/round-cut/0.53-carat-d-color-vvs1-clarity-ideal-cut-sku-27303228,500,Round,0.53,D,Ideal,VVS1,IGI,Lab Grown
James Allen,20146140,https://www.jamesallen.com/loose-diamonds/pear-shaped/0.45-carat-d-color-si1-clarity-sku-20146140,500,Pear,0.45,D,Good,SI1,IGI,Lab Grown
James Allen,28022253,https://www.jamesallen.com/loose-diamonds/oval-cut/0.48-carat-d-color-vvs2-clarity-sku-28022253,500,Oval,0.48,D,Very Good,VVS2,IGI,Lab Grown
James Allen,28641141,https://www.jamesallen.com/loose-diamonds/round-cut/0.58-carat-d-color-vvs2-clarity-ideal-cut-sku-28641141,500,Round,0.58,D,Ideal,VVS2,IGI,Lab Grown
James Allen,28641664,https://www.jamesallen.com/loose-diamonds/round-cut/0.58-carat-d-color-vvs2-clarity-ideal-cut-sku-28641664,500,Round,0.58,D,Ideal,VVS2,IGI,Lab Grown
James Allen,28377520,https://www.jamesallen.com/loose-diamonds/round-cut/0.58-carat-d-color-vvs2-clarity-ideal-cut-sku-28377520,500,Round,0.58,D,Ideal,VVS2,IGI,Lab Grown
James Allen,28378003,https://www.jamesallen.com/loose-diamonds/round-cut/0.58-carat-d-color-vvs2-clarity-ideal-cut-sku-28378003,500,Round,0.58,D,Ideal,VVS2,IGI,Lab Grown
James Allen,28641677,https://www.jamesallen.com/loose-diamonds/round-cut/0.53-carat-d-color-vvs1-clarity-ideal-cut-sku-28641677,500,Round,0.53,D,Ideal,VVS1,IGI,Lab Grown
James Allen,28641172,https://www.jamesallen.com/loose-diamonds/round-cut/0.52-carat-d-color-vvs1-clarity-ideal-cut-sku-28641172,500,Round,0.52,D,Ideal,VVS1,IGI,Lab Grown
James Allen,28641004,https://www.jamesallen.com/loose-diamonds/round-cut/0.53-carat-d-color-vvs1-clarity-ideal-cut-sku-28641004,500,Round,0.53,D,Ideal,VVS1,IGI,Lab Grown
James Allen,28641386,https://www.jamesallen.com/loose-diamonds/round-cut/0.52-carat-d-color-vvs1-clarity-ideal-cut-sku-28641386,500,Round,0.52,D,Ideal,VVS1,IGI,Lab Grown
James Allen,28641154,https://www.jamesallen.com/loose-diamonds/round-cut/0.52-carat-d-color-vvs1-clarity-ideal-cut-sku-28641154,500,Round,0.52,D,Ideal,VVS1,IGI,Lab Grown
James Allen,28022752,https://www.jamesallen.com/loose-diamonds/oval-cut/0.37-carat-g-color-vvs1-clarity-sku-28022752,500,Oval,0.37,G,Very Good,VVS1,IGI,Lab Grown
James Allen,28022342,https://www.jamesallen.com/loose-diamonds/round-cut/0.42-carat-d-color-if-clarity-ideal-cut-sku-28022342,500,Round,0.42,D,Ideal,IF,IGI,Lab Grown
James Allen,28431368,https://www.jamesallen.com/loose-diamonds/round-cut/0.42-carat-d-color-if-clarity-ideal-cut-sku-28431368,500,Round,0.42,D,Ideal,IF,IGI,Lab Grown
James Allen,28431370,https://www.jamesallen.com/loose-diamonds/round-cut/0.42-carat-d-color-if-clarity-ideal-cut-sku-28431370,500,Round,0.42,D,Ideal,IF,IGI,Lab Grown
James Allen,28431500,https://www.jamesallen.com/loose-diamonds/marquise-cut/0.31-carat-d-color-if-clarity-sku-28431500,500,Marquise,0.31,D,Excellent,IF,IGI,Lab Grown
James Allen,25207583,https://www.jamesallen.com/loose-diamonds/round-cut/0.64-carat-d-color-vs2-clarity-ideal-cut-sku-25207583,500,Round,0.64,D,Ideal,VS2,IGI,Lab Grown
James Allen,26863807,https://www.jamesallen.com/loose-diamonds/round-cut/0.64-carat-d-color-vs2-clarity-ideal-cut-sku-26863807,500,Round,0.64,D,Ideal,VS2,IGI,Lab Grown
James Allen,26863716,https://www.jamesallen.com/loose-diamonds/round-cut/0.64-carat-d-color-vs2-clarity-ideal-cut-sku-26863716,500,Round,0.64,D,Ideal,VS2,IGI,Lab Grown
James Allen,26042695,https://www.jamesallen.com/loose-diamonds/round-cut/0.63-carat-d-color-vs2-clarity-ideal-cut-sku-26042695,500,Round,0.63,D,Ideal,VS2,IGI,Lab Grown
James Allen,25650749,https://www.jamesallen.com/loose-diamonds/round-cut/0.63-carat-d-color-vs2-clarity-ideal-cut-sku-25650749,500,Round,0.63,D,Ideal,VS2,IGI,Lab Grown
James Allen,26771274,https://www.jamesallen.com/loose-diamonds/round-cut/0.63-carat-d-color-vs2-clarity-ideal-cut-sku-26771274,500,Round,0.63,D,Ideal,VS2,IGI,Lab Grown
James Allen,25697549,https://www.jamesallen.com/loose-diamonds/round-cut/0.66-carat-e-color-vs2-clarity-ideal-cut-sku-25697549,500,Round,0.66,E,Ideal,VS2,IGI,Lab Grown
James Allen,11226395,https://www.jamesallen.com/loose-diamonds/cushion-cut/1.57-carat-d-color-si1-clarity-sku-11226395,1110,Cushion,1.57,D,Ideal,SI1,GIA,Lab Grown
James Allen,16448102,https://www.jamesallen.com/loose-diamonds/round-cut/1.54-carat-d-color-si1-clarity-excellent-cut-sku-16448102,1110,Round,1.54,D,Excellent,SI1,GIA,Lab Grown
James Allen,16682165,https://www.jamesallen.com/loose-diamonds/emerald-cut/0.95-carat-d-color-vvs1-clarity-sku-16682165,1000,Emerald,0.95,D,Ideal,VVS1,GIA,Lab Grown
James Allen,19482771,https://www.jamesallen.com/loose-diamonds/emerald-cut/0.91-carat-d-color-vvs1-clarity-sku-19482771,1000,Emerald,0.91,D,Very Good,VVS1,GIA,Lab Grown
James Allen,19501390,https://www.jamesallen.com/loose-diamonds/round-cut/1.55-carat-d-color-si1-clarity-excellent-cut-sku-19501390,1110,Round,1.55,D,Excellent,SI1,GIA,Lab Grown
James Allen,21083351,https://www.jamesallen.com/loose-diamonds/pear-shaped/1.35-carat-e-color-vvs2-clarity-sku-21083351,1110,Pear,1.35,E,Ideal,VVS2,GIA,Lab Grown
James Allen,21760664,https://www.jamesallen.com/loose-diamonds/round-cut/1.12-carat-e-color-vvs1-clarity-excellent-cut-sku-21760664,1110,Round,1.12,E,Excellent,VVS1,GIA,Lab Grown
James Allen,22274501,https://www.jamesallen.com/loose-diamonds/round-cut/1.04-carat-d-color-vvs1-clarity-excellent-cut-sku-22274501,1000,Round,1.04,D,Excellent,VVS1,GIA,Lab Grown
James Allen,22601834,https://www.jamesallen.com/loose-diamonds/emerald-cut/1.32-carat-d-color-vs1-clarity-sku-22601834,1000,Emerald,1.32,D,Very Good,VS1,GIA,Lab Grown
James Allen,22650628,https://www.jamesallen.com/loose-diamonds/pear-shaped/1.16-carat-d-color-vvs2-clarity-sku-22650628,1000,Pear,1.16,D,Very Good,VVS2,GIA,Lab Grown
James Allen,22683203,https://www.jamesallen.com/loose-diamonds/pear-shaped/1.16-carat-d-color-vvs2-clarity-sku-22683203,1000,Pear,1.16,D,Ideal,VVS2,GIA,Lab Grown
James Allen,22847106,https://www.jamesallen.com/loose-diamonds/oval-cut/1.19-carat-d-color-vvs2-clarity-sku-22847106,1000,Oval,1.19,D,Ideal,VVS2,GIA,Lab Grown
James Allen,22866547,https://www.jamesallen.com/loose-diamonds/pear-shaped/1.22-carat-e-color-vvs2-clarity-sku-22866547,1000,Pear,1.22,E,Ideal,VVS2,GIA,Lab Grown
James Allen,22889326,https://www.jamesallen.com/loose-diamonds/emerald-cut/1.27-carat-d-color-vvs2-clarity-sku-22889326,1000,Emerald,1.27,D,Very Good,VVS2,GIA,Lab Grown
James Allen,23055683,https://www.jamesallen.com/loose-diamonds/round-cut/1.04-carat-d-color-vvs1-clarity-excellent-cut-sku-23055683,1000,Round,1.04,D,Excellent,VVS1,GIA,Lab Grown
James Allen,23055710,https://www.jamesallen.com/loose-diamonds/emerald-cut/1.21-carat-d-color-vvs2-clarity-sku-23055710,1000,Emerald,1.21,D,Very Good,VVS2,GIA,Lab Grown
James Allen,24393742,https://www.jamesallen.com/loose-diamonds/round-cut/1.35-carat-e-color-vvs2-clarity-excellent-cut-sku-24393742,1000,Round,1.35,E,Excellent,VVS2,GIA,Lab Grown
James Allen,24524701,https://www.jamesallen.com/loose-diamonds/round-cut/1.35-carat-e-color-vvs2-clarity-excellent-cut-sku-24524701,1000,Round,1.35,E,Excellent,VVS2,GIA,Lab Grown
James Allen,24716515,https://www.jamesallen.com/loose-diamonds/round-cut/1.61-carat-e-color-si1-clarity-excellent-cut-sku-24716515,1110,Round,1.61,E,Excellent,SI1,GIA,Lab Grown
James Allen,24778928,https://www.jamesallen.com/loose-diamonds/princess-cut/1.23-carat-e-color-vvs2-clarity-sku-24778928,1000,Princess,1.23,E,Ideal,VVS2,GIA,Lab Grown
James Allen,24807382,https://www.jamesallen.com/loose-diamonds/round-cut/1.34-carat-e-color-vvs2-clarity-excellent-cut-sku-24807382,1000,Round,1.34,E,Excellent,VVS2,GIA,Lab Grown
James Allen,24880317,https://www.jamesallen.com/loose-diamonds/emerald-cut/1.34-carat-e-color-vvs2-clarity-sku-24880317,1000,Emerald,1.34,E,Very Good,VVS2,GIA,Lab Grown
James Allen,25050721,https://www.jamesallen.com/loose-diamonds/princess-cut/1.23-carat-d-color-vvs2-clarity-sku-25050721,1000,Princess,1.23,D,Ideal,VVS2,GIA,Lab Grown
James Allen,25427530,https://www.jamesallen.com/loose-diamonds/oval-cut/1.19-carat-d-color-vvs2-clarity-sku-25427530,1000,Oval,1.19,D,Ideal,VVS2,GIA,Lab Grown
James Allen,25515125,https://www.jamesallen.com/loose-diamonds/heart-shaped/1.29-carat-d-color-vvs2-clarity-sku-25515125,1110,Heart,1.29,D,Ideal,VVS2,GIA,Lab Grown
James Allen,25553235,https://www.jamesallen.com/loose-diamonds/round-cut/1.04-carat-d-color-vvs1-clarity-excellent-cut-sku-25553235,1000,Round,1.04,D,Excellent,VVS1,GIA,Lab Grown
James Allen,25564885,https://www.jamesallen.com/loose-diamonds/pear-shaped/1.17-carat-d-color-vvs2-clarity-sku-25564885,1000,Pear,1.17,D,Very Good,VVS2,GIA,Lab Grown
James Allen,25571377,https://www.jamesallen.com/loose-diamonds/emerald-cut/1.28-carat-e-color-vvs2-clarity-sku-25571377,1000,Emerald,1.28,E,Ideal,VVS2,GIA,Lab Grown
James Allen,25573660,https://www.jamesallen.com/loose-diamonds/pear-shaped/1.07-carat-e-color-vvs1-clarity-sku-25573660,1110,Pear,1.07,E,Very Good,VVS1,GIA,Lab Grown
James Allen,25601658,https://www.jamesallen.com/loose-diamonds/round-cut/1.04-carat-d-color-vvs1-clarity-excellent-cut-sku-25601658,1000,Round,1.04,D,Excellent,VVS1,GIA,Lab Grown
James Allen,25655869,https://www.jamesallen.com/loose-diamonds/round-cut/1.04-carat-d-color-vvs1-clarity-excellent-cut-sku-25655869,1000,Round,1.04,D,Excellent,VVS1,GIA,Lab Grown
James Allen,25671969,https://www.jamesallen.com/loose-diamonds/emerald-cut/1.21-carat-d-color-vvs2-clarity-sku-25671969,1000,Emerald,1.21,D,Very Good,VVS2,GIA,Lab Grown
James Allen,16748382,https://www.jamesallen.com/loose-diamonds/round-cut/2.34-carat-g-color-vvs2-clarity-excellent-cut-sku-16748382,2220,Round,2.34,G,Excellent,VVS2,GIA,Lab Grown
James Allen,21062677,https://www.jamesallen.com/loose-diamonds/emerald-cut/1.67-carat-e-color-vvs1-clarity-sku-21062677,2230,Emerald,1.67,E,Very Good,VVS1,GIA,Lab Grown
James Allen,21700923,https://www.jamesallen.com/loose-diamonds/round-cut/2.13-carat-e-color-vs1-clarity-excellent-cut-sku-21700923,2000,Round,2.13,E,Excellent,VS1,GIA,Lab Grown
James Allen,21761788,https://www.jamesallen.com/loose-diamonds/round-cut/2.16-carat-d-color-vs2-clarity-excellent-cut-sku-21761788,2000,Round,2.16,D,Excellent,VS2,GIA,Lab Grown
James Allen,22038506,https://www.jamesallen.com/loose-diamonds/round-cut/2.13-carat-e-color-vs1-clarity-excellent-cut-sku-22038506,2000,Round,2.13,E,Excellent,VS1,GIA,Lab Grown
James Allen,22106640,https://www.jamesallen.com/loose-diamonds/round-cut/2.13-carat-e-color-vs1-clarity-excellent-cut-sku-22106640,2000,Round,2.13,E,Excellent,VS1,GIA,Lab Grown
James Allen,22121249,https://www.jamesallen.com/loose-diamonds/round-cut/2.13-carat-e-color-vs1-clarity-excellent-cut-sku-22121249,2000,Round,2.13,E,Excellent,VS1,GIA,Lab Grown
James Allen,22216890,https://www.jamesallen.com/loose-diamonds/princess-cut/2.14-carat-e-color-vs1-clarity-sku-22216890,2220,Princess,2.14,E,Ideal,VS1,GIA,Lab Grown
James Allen,22365723,https://www.jamesallen.com/loose-diamonds/round-cut/2.13-carat-e-color-vs1-clarity-excellent-cut-sku-22365723,2000,Round,2.13,E,Excellent,VS1,GIA,Lab Grown
James Allen,22502015,https://www.jamesallen.com/loose-diamonds/round-cut/2.13-carat-e-color-vs1-clarity-excellent-cut-sku-22502015,2000,Round,2.13,E,Excellent,VS1,GIA,Lab Grown
James Allen,22677175,https://www.jamesallen.com/loose-diamonds/round-cut/2.30-carat-d-color-vs2-clarity-excellent-cut-sku-22677175,2220,Round,2.30,D,Excellent,VS2,GIA,Lab Grown
James Allen,22696051,https://www.jamesallen.com/loose-diamonds/round-cut/2.13-carat-e-color-vs1-clarity-excellent-cut-sku-22696051,2000,Round,2.13,E,Excellent,VS1,GIA,Lab Grown
James Allen,22696053,https://www.jamesallen.com/loose-diamonds/round-cut/2.13-carat-e-color-vs1-clarity-excellent-cut-sku-22696053,2000,Round,2.13,E,Excellent,VS1,GIA,Lab Grown
James Allen,22889136,https://www.jamesallen.com/loose-diamonds/emerald-cut/1.52-carat-d-color-vvs1-clarity-sku-22889136,2220,Emerald,1.52,D,Very Good,VVS1,GIA,Lab Grown
James Allen,22952095,https://www.jamesallen.com/loose-diamonds/round-cut/2.13-carat-e-color-vs1-clarity-excellent-cut-sku-22952095,2000,Round,2.13,E,Excellent,VS1,GIA,Lab Grown
James Allen,22952606,https://www.jamesallen.com/loose-diamonds/emerald-cut/2.61-carat-e-color-si1-clarity-sku-22952606,2230,Emerald,2.61,E,Very Good,SI1,GIA,Lab Grown
James Allen,23013750,https://www.jamesallen.com/loose-diamonds/round-cut/2.13-carat-e-color-vs1-clarity-excellent-cut-sku-23013750,2000,Round,2.13,E,Excellent,VS1,GIA,Lab Grown
James Allen,23013952,https://www.jamesallen.com/loose-diamonds/round-cut/2.12-carat-d-color-vs1-clarity-excellent-cut-sku-23013952,2000,Round,2.12,D,Excellent,VS1,GIA,Lab Grown
James Allen,23055728,https://www.jamesallen.com/loose-diamonds/emerald-cut/2.38-carat-e-color-vs2-clarity-sku-23055728,2220,Emerald,2.38,E,Very Good,VS2,GIA,Lab Grown
James Allen,23269636,https://www.jamesallen.com/loose-diamonds/round-cut/2.13-carat-e-color-vs1-clarity-excellent-cut-sku-23269636,2000,Round,2.13,E,Excellent,VS1,GIA,Lab Grown
James Allen,23324348,https://www.jamesallen.com/loose-diamonds/round-cut/2.32-carat-f-color-vs1-clarity-excellent-cut-sku-23324348,2220,Round,2.32,F,Excellent,VS1,GIA,Lab Grown
James Allen,24393604,https://www.jamesallen.com/loose-diamonds/round-cut/2.13-carat-e-color-vs1-clarity-excellent-cut-sku-24393604,2000,Round,2.13,E,Excellent,VS1,GIA,Lab Grown
James Allen,24408827,https://www.jamesallen.com/loose-diamonds/cushion-cut/2.09-carat-e-color-vs1-clarity-sku-24408827,2000,Cushion,2.09,E,Very Good,VS1,GIA,Lab Grown
James Allen,24410068,https://www.jamesallen.com/loose-diamonds/princess-cut/2.15-carat-e-color-vs1-clarity-sku-24410068,2230,Princess,2.15,E,Ideal,VS1,GIA,Lab Grown
James Allen,24533034,https://www.jamesallen.com/loose-diamonds/emerald-cut/2.11-carat-e-color-vs1-clarity-sku-24533034,2000,Emerald,2.11,E,Very Good,VS1,GIA,Lab Grown
James Allen,24718832,https://www.jamesallen.com/loose-diamonds/princess-cut/2.03-carat-e-color-vs1-clarity-sku-24718832,2000,Princess,2.03,E,Ideal,VS1,GIA,Lab Grown
James Allen,24819988,https://www.jamesallen.com/loose-diamonds/round-cut/2.13-carat-e-color-vs1-clarity-excellent-cut-sku-24819988,2000,Round,2.13,E,Excellent,VS1,GIA,Lab Grown
James Allen,24820080,https://www.jamesallen.com/loose-diamonds/pear-shaped/2.13-carat-e-color-vs1-clarity-sku-24820080,2220,Pear,2.13,E,Ideal,VS1,GIA,Lab Grown
James Allen,24836328,https://www.jamesallen.com/loose-diamonds/emerald-cut/1.86-carat-d-color-vvs2-clarity-sku-24836328,2230,Emerald,1.86,D,Very Good,VVS2,GIA,Lab Grown
James Allen,24836349,https://www.jamesallen.com/loose-diamonds/princess-cut/1.72-carat-d-color-vvs2-clarity-sku-24836349,2000,Princess,1.72,D,Ideal,VVS2,GIA,Lab Grown
James Allen,24845039,https://www.jamesallen.com/loose-diamonds/pear-shaped/2.02-carat-e-color-vs1-clarity-sku-24845039,2000,Pear,2.02,E,Very Good,VS1,GIA,Lab Grown
James Allen,24845004,https://www.jamesallen.com/loose-diamonds/pear-shaped/2.00-carat-d-color-vs1-clarity-sku-24845004,2220,Pear,2.00,D,Very Good,VS1,GIA,Lab Grown
James Allen,16253955,https://www.jamesallen.com/loose-diamonds/round-cut/3.28-carat-f-color-vs1-clarity-excellent-cut-sku-16253955,3880,Round,3.28,F,Excellent,VS1,GIA,Lab Grown
James Allen,16954644,https://www.jamesallen.com/loose-diamonds/round-cut/3.09-carat-g-color-vvs2-clarity-excellent-cut-sku-16954644,3500,Round,3.09,G,Excellent,VVS2,GIA,Lab Grown
James Allen,22625565,https://www.jamesallen.com/loose-diamonds/heart-shaped/3.03-carat-f-color-vs2-clarity-sku-22625565,3500,Heart,3.03,F,Very Good,VS2,GIA,Lab Grown
James Allen,22651105,https://www.jamesallen.com/loose-diamonds/princess-cut/2.84-carat-e-color-vs1-clarity-sku-22651105,3890,Princess,2.84,E,Ideal,VS1,GIA,Lab Grown
James Allen,22874701,https://www.jamesallen.com/loose-diamonds/round-cut/2.80-carat-e-color-vvs2-clarity-excellent-cut-sku-22874701,3890,Round,2.80,E,Excellent,VVS2,GIA,Lab Grown
James Allen,22874702,https://www.jamesallen.com/loose-diamonds/emerald-cut/2.95-carat-e-color-vs1-clarity-sku-22874702,3890,Emerald,2.95,E,Very Good,VS1,GIA,Lab Grown
James Allen,22886748,https://www.jamesallen.com/loose-diamonds/round-cut/3.31-carat-e-color-vs2-clarity-excellent-cut-sku-22886748,3880,Round,3.31,E,Excellent,VS2,GIA,Lab Grown
James Allen,22966425,https://www.jamesallen.com/loose-diamonds/oval-cut/2.30-carat-d-color-vvs1-clarity-sku-22966425,3890,Oval,2.30,D,Very Good,VVS1,GIA,Lab Grown
James Allen,23014141,https://www.jamesallen.com/loose-diamonds/round-cut/2.52-carat-e-color-vvs2-clarity-excellent-cut-sku-23014141,3500,Round,2.52,E,Excellent,VVS2,GIA,Lab Grown
James Allen,23029872,https://www.jamesallen.com/loose-diamonds/round-cut/2.52-carat-e-color-vvs2-clarity-excellent-cut-sku-23029872,3500,Round,2.52,E,Excellent,VVS2,GIA,Lab Grown
James Allen,23031570,https://www.jamesallen.com/loose-diamonds/round-cut/2.81-carat-e-color-vs1-clarity-excellent-cut-sku-23031570,3500,Round,2.81,E,Excellent,VS1,GIA,Lab Grown
James Allen,23031516,https://www.jamesallen.com/loose-diamonds/round-cut/2.81-carat-e-color-vs1-clarity-excellent-cut-sku-23031516,3500,Round,2.81,E,Excellent,VS1,GIA,Lab Grown
James Allen,23032191,https://www.jamesallen.com/loose-diamonds/round-cut/2.81-carat-e-color-vs1-clarity-excellent-cut-sku-23032191,3500,Round,2.81,E,Excellent,VS1,GIA,Lab Grown
James Allen,23032256,https://www.jamesallen.com/loose-diamonds/round-cut/2.81-carat-e-color-vs1-clarity-excellent-cut-sku-23032256,3500,Round,2.81,E,Excellent,VS1,GIA,Lab Grown
James Allen,23043791,https://www.jamesallen.com/loose-diamonds/emerald-cut/3.68-carat-f-color-vs2-clarity-sku-23043791,3890,Emerald,3.68,F,Very Good,VS2,GIA,Lab Grown
James Allen,23374933,https://www.jamesallen.com/loose-diamonds/round-cut/2.81-carat-e-color-vs1-clarity-excellent-cut-sku-23374933,3500,Round,2.81,E,Excellent,VS1,GIA,Lab Grown
James Allen,23374932,https://www.jamesallen.com/loose-diamonds/round-cut/2.52-carat-e-color-vvs2-clarity-excellent-cut-sku-23374932,3500,Round,2.52,E,Excellent,VVS2,GIA,Lab Grown
James Allen,23530935,https://www.jamesallen.com/loose-diamonds/round-cut/2.52-carat-e-color-vvs2-clarity-excellent-cut-sku-23530935,3500,Round,2.52,E,Excellent,VVS2,GIA,Lab Grown
James Allen,24407994,https://www.jamesallen.com/loose-diamonds/round-cut/2.52-carat-e-color-vvs2-clarity-excellent-cut-sku-24407994,3500,Round,2.52,E,Excellent,VVS2,GIA,Lab Grown
James Allen,24409267,https://www.jamesallen.com/loose-diamonds/emerald-cut/2.79-carat-e-color-vs1-clarity-sku-24409267,3500,Emerald,2.79,E,Good,VS1,GIA,Lab Grown
James Allen,24410137,https://www.jamesallen.com/loose-diamonds/pear-shaped/2.54-carat-e-color-vs1-clarity-sku-24410137,3500,Pear,2.54,E,Ideal,VS1,GIA,Lab Grown
James Allen,24410138,https://www.jamesallen.com/loose-diamonds/pear-shaped/2.54-carat-e-color-vs1-clarity-sku-24410138,3500,Pear,2.54,E,Ideal,VS1,GIA,Lab Grown
James Allen,24676345,https://www.jamesallen.com/loose-diamonds/round-cut/2.52-carat-e-color-vvs2-clarity-excellent-cut-sku-24676345,3500,Round,2.52,E,Excellent,VVS2,GIA,Lab Grown
James Allen,24718404,https://www.jamesallen.com/loose-diamonds/round-cut/2.52-carat-e-color-vvs2-clarity-excellent-cut-sku-24718404,3500,Round,2.52,E,Excellent,VVS2,GIA,Lab Grown
James Allen,24718553,https://www.jamesallen.com/loose-diamonds/round-cut/2.52-carat-e-color-vvs2-clarity-excellent-cut-sku-24718553,3500,Round,2.52,E,Excellent,VVS2,GIA,Lab Grown
James Allen,24737137,https://www.jamesallen.com/loose-diamonds/cushion-cut/2.60-carat-d-color-vs1-clarity-sku-24737137,3880,Cushion,2.60,D,Very Good,VS1,GIA,Lab Grown
James Allen,24778882,https://www.jamesallen.com/loose-diamonds/cushion-cut/2.62-carat-e-color-vvs2-clarity-sku-24778882,3890,Cushion,2.62,E,Ideal,VVS2,GIA,Lab Grown
James Allen,24814281,https://www.jamesallen.com/loose-diamonds/round-cut/2.81-carat-e-color-vs1-clarity-excellent-cut-sku-24814281,3500,Round,2.81,E,Excellent,VS1,GIA,Lab Grown
James Allen,24836280,https://www.jamesallen.com/loose-diamonds/emerald-cut/2.63-carat-d-color-vs1-clarity-sku-24836280,3890,Emerald,2.63,D,Very Good,VS1,GIA,Lab Grown
James Allen,24844980,https://www.jamesallen.com/loose-diamonds/round-cut/2.52-carat-e-color-vvs2-clarity-excellent-cut-sku-24844980,3500,Round,2.52,E,Excellent,VVS2,GIA,Lab Grown
James Allen,24848147,https://www.jamesallen.com/loose-diamonds/round-cut/2.52-carat-e-color-vvs2-clarity-excellent-cut-sku-24848147,3500,Round,2.52,E,Excellent,VVS2,GIA,Lab Grown
James Allen,24848064,https://www.jamesallen.com/loose-diamonds/round-cut/2.52-carat-e-color-vvs2-clarity-excellent-cut-sku-24848064,3500,Round,2.52,E,Excellent,VVS2,GIA,Lab Grown
James Allen,22509792,https://www.jamesallen.com/loose-diamonds/princess-cut/4.29-carat-d-color-vs1-clarity-sku-22509792,6670,Princess,4.29,D,Ideal,VS1,GIA,Lab Grown
James Allen,22571564,https://www.jamesallen.com/loose-diamonds/oval-cut/3.07-carat-d-color-vvs2-clarity-sku-22571564,6000,Oval,3.07,D,Ideal,VVS2,GIA,Lab Grown
James Allen,22571608,https://www.jamesallen.com/loose-diamonds/oval-cut/3.07-carat-d-color-vvs2-clarity-sku-22571608,6000,Oval,3.07,D,Ideal,VVS2,GIA,Lab Grown
James Allen,22651066,https://www.jamesallen.com/loose-diamonds/round-cut/4.28-carat-e-color-vs1-clarity-excellent-cut-sku-22651066,6000,Round,4.28,E,Excellent,VS1,GIA,Lab Grown
James Allen,22837253,https://www.jamesallen.com/loose-diamonds/round-cut/4.04-carat-d-color-vs1-clarity-excellent-cut-sku-22837253,6670,Round,4.04,D,Excellent,VS1,GIA,Lab Grown
James Allen,22886620,https://www.jamesallen.com/loose-diamonds/round-cut/4.28-carat-e-color-vs1-clarity-excellent-cut-sku-22886620,6000,Round,4.28,E,Excellent,VS1,GIA,Lab Grown
James Allen,22914832,https://www.jamesallen.com/loose-diamonds/oval-cut/3.07-carat-d-color-vvs2-clarity-sku-22914832,6000,Oval,3.07,D,Ideal,VVS2,GIA,Lab Grown
James Allen,22914802,https://www.jamesallen.com/loose-diamonds/oval-cut/3.07-carat-d-color-vvs2-clarity-sku-22914802,6000,Oval,3.07,D,Very Good,VVS2,GIA,Lab Grown
James Allen,23032045,https://www.jamesallen.com/loose-diamonds/pear-shaped/4.22-carat-e-color-vvs2-clarity-sku-23032045,6670,Pear,4.22,E,Ideal,VVS2,GIA,Lab Grown
James Allen,23374941,https://www.jamesallen.com/loose-diamonds/round-cut/4.28-carat-e-color-vs1-clarity-excellent-cut-sku-23374941,6000,Round,4.28,E,Excellent,VS1,GIA,Lab Grown
James Allen,24807229,https://www.jamesallen.com/loose-diamonds/oval-cut/4.50-carat-e-color-vs1-clarity-sku-24807229,6000,Oval,4.50,E,Ideal,VS1,GIA,Lab Grown
James Allen,24846001,https://www.jamesallen.com/loose-diamonds/oval-cut/4.32-carat-e-color-vvs2-clarity-sku-24846001,6670,Oval,4.32,E,Ideal,VVS2,GIA,Lab Grown
James Allen,25050689,https://www.jamesallen.com/loose-diamonds/asscher-cut/4.06-carat-e-color-vvs2-clarity-sku-25050689,6670,Asscher,4.06,E,Ideal,VVS2,GIA,Lab Grown
James Allen,25330342,https://www.jamesallen.com/loose-diamonds/emerald-cut/4.18-carat-f-color-vvs2-clarity-sku-25330342,6000,Emerald,4.18,F,Very Good,VVS2,GIA,Lab Grown
James Allen,25436055,https://www.jamesallen.com/loose-diamonds/oval-cut/4.50-carat-e-color-vs1-clarity-sku-25436055,6000,Oval,4.50,E,Ideal,VS1,GIA,Lab Grown
James Allen,25564813,https://www.jamesallen.com/loose-diamonds/pear-shaped/3.00-carat-d-color-vvs2-clarity-sku-25564813,6000,Pear,3.00,D,Ideal,VVS2,GIA,Lab Grown
James Allen,25567895,https://www.jamesallen.com/loose-diamonds/round-cut/4.28-carat-e-color-vs1-clarity-excellent-cut-sku-25567895,6000,Round,4.28,E,Excellent,VS1,GIA,Lab Grown
James Allen,25930148,https://www.jamesallen.com/loose-diamonds/emerald-cut/4.18-carat-f-color-vvs2-clarity-sku-25930148,6000,Emerald,4.18,F,Very Good,VVS2,GIA,Lab Grown
James Allen,26138761,https://www.jamesallen.com/loose-diamonds/heart-shaped/5.07-carat-e-color-vs2-clarity-sku-26138761,6670,Heart,5.07,E,Ideal,VS2,GIA,Lab Grown
James Allen,22374660,https://www.jamesallen.com/loose-diamonds/round-cut/5.06-carat-g-color-vvs2-clarity-ideal-cut-sku-22374660,6670,Round,5.06,G,Ideal,VVS2,IGI,Lab Grown
James Allen,26358246,https://www.jamesallen.com/loose-diamonds/oval-cut/3.07-carat-d-color-vvs2-clarity-sku-26358246,6000,Oval,3.07,D,Excellent,VVS2,IGI,Lab Grown
James Allen,26526308,https://www.jamesallen.com/loose-diamonds/oval-cut/3.07-carat-d-color-vvs2-clarity-sku-26526308,6000,Oval,3.07,D,Excellent,VVS2,IGI,Lab Grown
James Allen,26728136,https://www.jamesallen.com/loose-diamonds/pear-shaped/3.00-carat-d-color-vvs2-clarity-sku-26728136,6000,Pear,3.00,D,Excellent,VVS2,IGI,Lab Grown
James Allen,27010215,https://www.jamesallen.com/loose-diamonds/round-cut/3.84-carat-d-color-vvs2-clarity-ideal-cut-sku-27010215,6660,Round,3.84,D,Ideal,VVS2,IGI,Lab Grown
James Allen,27214428,https://www.jamesallen.com/loose-diamonds/pear-shaped/4.74-carat-f-color-vvs2-clarity-sku-27214428,6660,Pear,4.74,F,Very Good,VVS2,IGI,Lab Grown
James Allen,27214700,https://www.jamesallen.com/loose-diamonds/marquise-cut/4.30-carat-e-color-vvs2-clarity-sku-27214700,6670,Marquise,4.30,E,Excellent,VVS2,IGI,Lab Grown
James Allen,27286801,https://www.jamesallen.com/loose-diamonds/cushion-cut/4.36-carat-e-color-vvs2-clarity-sku-27286801,6670,Cushion,4.36,E,Very Good,VVS2,IGI,Lab Grown
James Allen,27326116,https://www.jamesallen.com/loose-diamonds/oval-cut/3.07-carat-d-color-vvs2-clarity-sku-27326116,6000,Oval,3.07,D,Excellent,VVS2,IGI,Lab Grown
James Allen,27499205,https://www.jamesallen.com/loose-diamonds/oval-cut/3.07-carat-d-color-vvs2-clarity-sku-27499205,6000,Oval,3.07,D,Excellent,VVS2,IGI,Lab Grown
James Allen,27600611,https://www.jamesallen.com/loose-diamonds/oval-cut/3.07-carat-d-color-vvs2-clarity-sku-27600611,6000,Oval,3.07,D,Excellent,VVS2,IGI,Lab Grown
James Allen,27893087,https://www.jamesallen.com/loose-diamonds/princess-cut/4.03-carat-f-color-vvs2-clarity-sku-27893087,6000,Princess,4.03,F,Very Good,VVS2,IGI,Lab Grown
James Allen,28016618,https://www.jamesallen.com/loose-diamonds/marquise-cut/3.34-carat-e-color-vvs1-clarity-sku-28016618,6660,Marquise,3.34,E,Excellent,VVS1,IGI,Lab Grown
James Allen,27894440,https://www.jamesallen.com/loose-diamonds/round-cut/0.30-carat-k-color-vs2-clarity-excellent-cut-sku-27894440,180,Round,0.30,K,Excellent,VS2,IGI,Lab Grown
James Allen,27392276,https://www.jamesallen.com/loose-diamonds/round-cut/0.28-carat-k-color-vs1-clarity-good-cut-sku-27392276,180,Round,0.28,K,Good,VS1,IGI,Lab Grown
James Allen,27579410,https://www.jamesallen.com/loose-diamonds/round-cut/0.30-carat-k-color-vs2-clarity-excellent-cut-sku-27579410,180,Round,0.30,K,Excellent,VS2,IGI,Lab Grown
James Allen,26812732,https://www.jamesallen.com/loose-diamonds/round-cut/0.30-carat-k-color-si1-clarity-very-good-cut-sku-26812732,180,Round,0.30,K,Very Good,SI1,IGI,Lab Grown
James Allen,22218362,https://www.jamesallen.com/loose-diamonds/round-cut/0.34-carat-k-color-si1-clarity-excellent-cut-sku-22218362,190,Round,0.34,K,Excellent,SI1,IGI,Lab Grown
James Allen,25990043,https://www.jamesallen.com/loose-diamonds/round-cut/0.31-carat-k-color-vs2-clarity-excellent-cut-sku-25990043,190,Round,0.31,K,Excellent,VS2,IGI,Lab Grown
James Allen,27384211,https://www.jamesallen.com/loose-diamonds/round-cut/0.30-carat-k-color-si1-clarity-excellent-cut-sku-27384211,190,Round,0.30,K,Excellent,SI1,IGI,Lab Grown
James Allen,27384212,https://www.jamesallen.com/loose-diamonds/round-cut/0.35-carat-k-color-si1-clarity-excellent-cut-sku-27384212,190,Round,0.35,K,Excellent,SI1,IGI,Lab Grown
James Allen,27986428,https://www.jamesallen.com/loose-diamonds/emerald-cut/0.39-carat-i-color-si2-clarity-sku-27986428,190,Emerald,0.39,I,Good,SI2,GIA,Mined
James Allen,27894435,https://www.jamesallen.com/loose-diamonds/round-cut/0.30-carat-k-color-si1-clarity-excellent-cut-sku-27894435,190,Round,0.30,K,Excellent,SI1,IGI,Lab Grown
James Allen,27384215,https://www.jamesallen.com/loose-diamonds/round-cut/0.30-carat-k-color-si1-clarity-excellent-cut-sku-27384215,190,Round,0.30,K,Excellent,SI1,IGI,Lab Grown
James Allen,27579443,https://www.jamesallen.com/loose-diamonds/round-cut/0.32-carat-k-color-si1-clarity-excellent-cut-sku-27579443,190,Round,0.32,K,Excellent,SI1,IGI,Lab Grown
James Allen,26812679,https://www.jamesallen.com/loose-diamonds/round-cut/0.34-carat-k-color-si1-clarity-excellent-cut-sku-26812679,190,Round,0.34,K,Excellent,SI1,IGI,Lab Grown
James Allen,27043654,https://www.jamesallen.com/loose-diamonds/round-cut/0.30-carat-k-color-si1-clarity-excellent-cut-sku-27043654,190,Round,0.30,K,Excellent,SI1,IGI,Lab Grown
James Allen,27043653,https://www.jamesallen.com/loose-diamonds/round-cut/0.30-carat-k-color-si1-clarity-very-good-cut-sku-27043653,190,Round,0.30,K,Very Good,SI1,IGI,Lab Grown
James Allen,27043652,https://www.jamesallen.com/loose-diamonds/round-cut/0.30-carat-k-color-si1-clarity-excellent-cut-sku-27043652,190,Round,0.30,K,Excellent,SI1,IGI,Lab Grown
James Allen,27893559,https://www.jamesallen.com/loose-diamonds/round-cut/0.33-carat-k-color-si1-clarity-very-good-cut-sku-27893559,190,Round,0.33,K,Very Good,SI1,IGI,Lab Grown
James Allen,27583970,https://www.jamesallen.com/loose-diamonds/round-cut/0.23-carat-k-color-vs1-clarity-excellent-cut-sku-27583970,190,Round,0.23,K,Excellent,VS1,IGI,Lab Grown
James Allen,26812689,https://www.jamesallen.com/loose-diamonds/round-cut/0.30-carat-k-color-si1-clarity-excellent-cut-sku-26812689,190,Round,0.30,K,Excellent,SI1,IGI,Lab Grown
James Allen,27073262,https://www.jamesallen.com/loose-diamonds/round-cut/0.36-carat-k-color-si1-clarity-excellent-cut-sku-27073262,200,Round,0.36,K,Excellent,SI1,IGI,Lab Grown
James Allen,28734781,https://www.jamesallen.com/loose-diamonds/round-cut/0.30-carat-k-color-si1-clarity-excellent-cut-sku-28734781,200,Round,0.30,K,Excellent,SI1,IGI,Lab Grown
James Allen,26379365,https://www.jamesallen.com/loose-diamonds/round-cut/0.35-carat-k-color-si1-clarity-excellent-cut-sku-26379365,200,Round,0.35,K,Excellent,SI1,IGI,Lab Grown
James Allen,27041347,https://www.jamesallen.com/loose-diamonds/round-cut/0.35-carat-k-color-vs2-clarity-excellent-cut-sku-27041347,200,Round,0.35,K,Excellent,VS2,IGI,Lab Grown
James Allen,26886677,https://www.jamesallen.com/loose-diamonds/round-cut/0.30-carat-k-color-vs2-clarity-excellent-cut-sku-26886677,200,Round,0.30,K,Excellent,VS2,IGI,Lab Grown
James Allen,27384204,https://www.jamesallen.com/loose-diamonds/round-cut/0.37-carat-k-color-si1-clarity-very-good-cut-sku-27384204,200,Round,0.37,K,Very Good,SI1,IGI,Lab Grown
James Allen,27894441,https://www.jamesallen.com/loose-diamonds/round-cut/0.39-carat-k-color-vs2-clarity-very-good-cut-sku-27894441,200,Round,0.39,K,Very Good,VS2,IGI,Lab Grown
James Allen,27894422,https://www.jamesallen.com/loose-diamonds/round-cut/0.30-carat-k-color-si1-clarity-excellent-cut-sku-27894422,200,Round,0.30,K,Excellent,SI1,IGI,Lab Grown
James Allen,28731901,https://www.jamesallen.com/loose-diamonds/round-cut/0.31-carat-k-color-si1-clarity-excellent-cut-sku-28731901,200,Round,0.31,K,Excellent,SI1,IGI,Lab Grown
James Allen,26844188,https://www.jamesallen.com/loose-diamonds/round-cut/0.31-carat-k-color-vs2-clarity-excellent-cut-sku-26844188,200,Round,0.31,K,Excellent,VS2,IGI,Lab Grown
James Allen,27384201,https://www.jamesallen.com/loose-diamonds/round-cut/0.35-carat-k-color-vs2-clarity-excellent-cut-sku-27384201,200,Round,0.35,K,Excellent,VS2,IGI,Lab Grown
James Allen,27579448,https://www.jamesallen.com/loose-diamonds/round-cut/0.32-carat-k-color-si1-clarity-excellent-cut-sku-27579448,200,Round,0.32,K,Excellent,SI1,IGI,Lab Grown
James Allen,27893548,https://www.jamesallen.com/loose-diamonds/round-cut/0.31-carat-k-color-si1-clarity-excellent-cut-sku-27893548,200,Round,0.31,K,Excellent,SI1,IGI,Lab Grown
James Allen,19714726,https://www.jamesallen.com/loose-diamonds/round-cut/0.60-carat-l-color-si1-clarity-excellent-cut-sku-19714726,500,Round,0.60,L,Excellent,SI1,GIA,Mined
James Allen,16580553,https://www.jamesallen.com/loose-diamonds/round-cut/0.60-carat-l-color-si2-clarity-excellent-cut-sku-16580553,500,Round,0.60,L,Excellent,SI2,GIA,Mined
James Allen,24841106,https://www.jamesallen.com/loose-diamonds/round-cut/0.30-carat-f-color-vs1-clarity-good-cut-sku-24841106,500,Round,0.30,F,Good,VS1,GIA,Mined
James Allen,24914607,https://www.jamesallen.com/loose-diamonds/cushion-cut/0.54-carat-h-color-vs2-clarity-sku-24914607,500,Cushion,0.54,H,Ideal,VS2,GIA,Mined
James Allen,28473832,https://www.jamesallen.com/loose-diamonds/round-cut/0.35-carat-h-color-vs1-clarity-excellent-cut-sku-28473832,500,Round,0.35,H,Excellent,VS1,GIA,Mined
James Allen,28473955,https://www.jamesallen.com/loose-diamonds/oval-cut/0.32-carat-g-color-vs1-clarity-sku-28473955,500,Oval,0.32,G,Ideal,VS1,GIA,Mined
James Allen,28473861,https://www.jamesallen.com/loose-diamonds/round-cut/0.46-carat-j-color-si2-clarity-excellent-cut-sku-28473861,500,Round,0.46,J,Excellent,SI2,GIA,Mined
James Allen,28628508,https://www.jamesallen.com/loose-diamonds/round-cut/0.30-carat-e-color-vvs2-clarity-excellent-cut-sku-28628508,500,Round,0.30,E,Excellent,VVS2,GIA,Mined
James Allen,14196014,https://www.jamesallen.com/loose-diamonds/pear-shaped/0.31-carat-f-color-vvs2-clarity-sku-14196014,500,Pear,0.31,F,Very Good,VVS2,GIA,Mined
James Allen,28628506,https://www.jamesallen.com/loose-diamonds/round-cut/0.30-carat-e-color-vvs2-clarity-excellent-cut-sku-28628506,500,Round,0.30,E,Excellent,VVS2,GIA,Mined
James Allen,28273694,https://www.jamesallen.com/loose-diamonds/round-cut/0.51-carat-l-color-vs1-clarity-excellent-cut-sku-28273694,500,Round,0.51,L,Excellent,VS1,GIA,Mined
James Allen,24914818,https://www.jamesallen.com/loose-diamonds/heart-shaped/0.50-carat-j-color-vs2-clarity-sku-24914818,500,Heart,0.50,J,Ideal,VS2,GIA,Mined
James Allen,27968957,https://www.jamesallen.com/loose-diamonds/princess-cut/0.33-carat-d-color-vvs2-clarity-sku-27968957,500,Princess,0.33,D,Ideal,VVS2,GIA,Mined
James Allen,27967210,https://www.jamesallen.com/loose-diamonds/round-cut/0.31-carat-e-color-vvs1-clarity-excellent-cut-sku-27967210,500,Round,0.31,E,Excellent,VVS1,GIA,Mined
James Allen,23873718,https://www.jamesallen.com/loose-diamonds/pear-shaped/0.44-carat-d-color-si2-clarity-sku-23873718,500,Pear,0.44,D,Good,SI2,GIA,Mined
James Allen,28478010,https://www.jamesallen.com/loose-diamonds/princess-cut/0.40-carat-e-color-si1-clarity-sku-28478010,500,Princess,0.40,E,Ideal,SI1,GIA,Mined
James Allen,28485498,https://www.jamesallen.com/loose-diamonds/cushion-cut/0.51-carat-h-color-vs2-clarity-sku-28485498,500,Cushion,0.51,H,Ideal,VS2,GIA,Mined
James Allen,24225063,https://www.jamesallen.com/loose-diamonds/round-cut/0.42-carat-i-color-vvs2-clarity-excellent-cut-sku-24225063,500,Round,0.42,I,Excellent,VVS2,GIA,Mined
James Allen,24907328,https://www.jamesallen.com/loose-diamonds/oval-cut/0.32-carat-e-color-vvs2-clarity-sku-24907328,500,Oval,0.32,E,Good,VVS2,GIA,Mined
James Allen,23810714,https://www.jamesallen.com/loose-diamonds/round-cut/0.41-carat-g-color-vs1-clarity-very-good-cut-sku-23810714,500,Round,0.41,G,Very Good,VS1,IGI,Lab Grown
James Allen,27970146,https://www.jamesallen.com/loose-diamonds/cushion-cut/0.54-carat-h-color-vs2-clarity-sku-27970146,500,Cushion,0.54,H,Very Good,VS2,GIA,Mined
James Allen,27966895,https://www.jamesallen.com/loose-diamonds/cushion-cut/0.50-carat-e-color-si1-clarity-sku-27966895,500,Cushion,0.50,E,Ideal,SI1,GIA,Mined
James Allen,28283696,https://www.jamesallen.com/loose-diamonds/princess-cut/0.35-carat-d-color-vs1-clarity-sku-28283696,500,Princess,0.35,D,Ideal,VS1,GIA,Mined
James Allen,28480501,https://www.jamesallen.com/loose-diamonds/round-cut/0.31-carat-d-color-vvs1-clarity-excellent-cut-sku-28480501,500,Round,0.31,D,Excellent,VVS1,GIA,Mined
James Allen,28649631,https://www.jamesallen.com/loose-diamonds/round-cut/0.30-carat-g-color-vs1-clarity-excellent-cut-sku-28649631,500,Round,0.30,G,Excellent,VS1,GIA,Mined
James Allen,28311034,https://www.jamesallen.com/loose-diamonds/emerald-cut/0.50-carat-j-color-vvs1-clarity-sku-28311034,500,Emerald,0.50,J,Good,VVS1,GIA,Mined
James Allen,26987683,https://www.jamesallen.com/loose-diamonds/round-cut/0.34-carat-e-color-vvs2-clarity-excellent-cut-sku-26987683,500,Round,0.34,E,Excellent,VVS2,GIA,Mined
James Allen,27115334,https://www.jamesallen.com/loose-diamonds/round-cut/0.30-carat-e-color-vs1-clarity-excellent-cut-sku-27115334,500,Round,0.30,E,Excellent,VS1,GIA,Mined
James Allen,27117103,https://www.jamesallen.com/loose-diamonds/pear-shaped/0.30-carat-e-color-vvs1-clarity-sku-27117103,500,Pear,0.30,E,Ideal,VVS1,GIA,Mined
James Allen,13956345,https://www.jamesallen.com/loose-diamonds/round-cut/0.40-carat-h-color-si2-clarity-excellent-cut-sku-13956345,500,Round,0.40,H,Excellent,SI2,GIA,Mined
James Allen,28543162,https://www.jamesallen.com/loose-diamonds/round-cut/0.30-carat-f-color-vs2-clarity-excellent-cut-sku-28543162,500,Round,0.30,F,Excellent,VS2,GIA,Mined
James Allen,28543374,https://www.jamesallen.com/loose-diamonds/emerald-cut/0.30-carat-f-color-vvs2-clarity-sku-28543374,500,Emerald,0.30,F,Good,VVS2,GIA,Mined
James Allen,16414343,https://www.jamesallen.com/loose-diamonds/round-cut/0.91-carat-k-color-si2-clarity-very-good-cut-sku-16414343,1000,Round,0.91,K,Very Good,SI2,GIA,Mined
James Allen,18042175,https://www.jamesallen.com/loose-diamonds/round-cut/0.50-carat-e-color-vs2-clarity-very-good-cut-sku-18042175,1000,Round,0.50,E,Very Good,VS2,GIA,Mined
James Allen,16588554,https://www.jamesallen.com/loose-diamonds/round-cut/0.45-carat-g-color-vs1-clarity-good-cut-sku-16588554,1000,Round,0.45,G,Good,VS1,GIA,Mined
James Allen,28397352,https://www.jamesallen.com/loose-diamonds/radiant-cut/0.70-carat-f-color-vs1-clarity-sku-28397352,1000,Radiant,0.70,F,Ideal,VS1,GIA,Mined
James Allen,25221482,https://www.jamesallen.com/loose-diamonds/heart-shaped/0.70-carat-d-color-vs2-clarity-sku-25221482,1000,Heart,0.70,D,Very Good,VS2,GIA,Mined
James Allen,26552482,https://www.jamesallen.com/loose-diamonds/emerald-cut/0.70-carat-g-color-vs2-clarity-sku-26552482,1000,Emerald,0.70,G,Very Good,VS2,GIA,Mined
James Allen,14465961,https://www.jamesallen.com/loose-diamonds/round-cut/0.60-carat-g-color-si1-clarity-excellent-cut-sku-14465961,1000,Round,0.60,G,Excellent,SI1,GIA,Mined
James Allen,14476389,https://www.jamesallen.com/loose-diamonds/round-cut/0.50-carat-d-color-vs2-clarity-excellent-cut-sku-14476389,1000,Round,0.50,D,Excellent,VS2,GIA,Mined
James Allen,28473540,https://www.jamesallen.com/loose-diamonds/round-cut/0.50-carat-f-color-vs1-clarity-excellent-cut-sku-28473540,1000,Round,0.50,F,Excellent,VS1,GIA,Mined
James Allen,19087945,https://www.jamesallen.com/loose-diamonds/emerald-cut/0.40-carat-e-color-vvs1-clarity-sku-19087945,1000,Emerald,0.40,E,Good,VVS1,GIA,Mined
James Allen,28473594,https://www.jamesallen.com/loose-diamonds/round-cut/0.50-carat-d-color-si1-clarity-excellent-cut-sku-28473594,1000,Round,0.50,D,Excellent,SI1,GIA,Mined
James Allen,28474025,https://www.jamesallen.com/loose-diamonds/radiant-cut/0.51-carat-d-color-vs2-clarity-sku-28474025,1000,Radiant,0.51,D,Ideal,VS2,GIA,Mined
James Allen,14195483,https://www.jamesallen.com/loose-diamonds/emerald-cut/0.50-carat-d-color-vvs2-clarity-sku-14195483,1000,Emerald,0.50,D,Very Good,VVS2,GIA,Mined
James Allen,28451510,https://www.jamesallen.com/loose-diamonds/round-cut/0.70-carat-i-color-si1-clarity-excellent-cut-sku-28451510,1000,Round,0.70,I,Excellent,SI1,GIA,Mined
James Allen,28474131,https://www.jamesallen.com/loose-diamonds/asscher-cut/0.71-carat-f-color-vs2-clarity-sku-28474131,1000,Asscher,0.71,F,Very Good,VS2,GIA,Mined
James Allen,28266607,https://www.jamesallen.com/loose-diamonds/pear-shaped/0.72-carat-g-color-si1-clarity-sku-28266607,1000,Pear,0.72,G,Ideal,SI1,GIA,Mined
James Allen,28635096,https://www.jamesallen.com/loose-diamonds/pear-shaped/0.55-carat-f-color-vs1-clarity-sku-28635096,1000,Pear,0.55,F,Very Good,VS1,GIA,Mined
James Allen,28536959,https://www.jamesallen.com/loose-diamonds/round-cut/0.61-carat-i-color-vvs2-clarity-excellent-cut-sku-28536959,1000,Round,0.61,I,Excellent,VVS2,GIA,Mined
James Allen,27967133,https://www.jamesallen.com/loose-diamonds/round-cut/0.50-carat-e-color-vvs1-clarity-very-good-cut-sku-27967133,1000,Round,0.50,E,Very Good,VVS1,GIA,Mined
James Allen,27718466,https://www.jamesallen.com/loose-diamonds/pear-shaped/0.60-carat-g-color-vs2-clarity-sku-27718466,1000,Pear,0.60,G,Good,VS2,GIA,Mined
James Allen,27969939,https://www.jamesallen.com/loose-diamonds/round-cut/0.59-carat-h-color-if-clarity-excellent-cut-sku-27969939,1000,Round,0.59,H,Excellent,IF,GIA,Mined
James Allen,27096590,https://www.jamesallen.com/loose-diamonds/round-cut/0.54-carat-d-color-vs2-clarity-excellent-cut-sku-27096590,1000,Round,0.54,D,Excellent,VS2,GIA,Mined
James Allen,22369777,https://www.jamesallen.com/loose-diamonds/princess-cut/0.80-carat-j-color-vvs1-clarity-sku-22369777,1000,Princess,0.80,J,Ideal,VVS1,GIA,Mined
James Allen,25901753,https://www.jamesallen.com/loose-diamonds/round-cut/0.52-carat-g-color-vvs1-clarity-excellent-cut-sku-25901753,1000,Round,0.52,G,Excellent,VVS1,GIA,Mined
James Allen,28478882,https://www.jamesallen.com/loose-diamonds/round-cut/0.83-carat-k-color-vs2-clarity-excellent-cut-sku-28478882,1000,Round,0.83,K,Excellent,VS2,GIA,Mined
James Allen,25657406,https://www.jamesallen.com/loose-diamonds/emerald-cut/0.73-carat-i-color-vvs1-clarity-sku-25657406,1000,Emerald,0.73,I,Very Good,VVS1,GIA,Mined
James Allen,28477753,https://www.jamesallen.com/loose-diamonds/round-cut/0.80-carat-k-color-si2-clarity-excellent-cut-sku-28477753,1000,Round,0.80,K,Excellent,SI2,GIA,Mined
James Allen,28266268,https://www.jamesallen.com/loose-diamonds/pear-shaped/0.50-carat-e-color-vvs2-clarity-sku-28266268,1000,Pear,0.50,E,Ideal,VVS2,GIA,Mined
James Allen,28266785,https://www.jamesallen.com/loose-diamonds/pear-shaped/0.70-carat-g-color-si1-clarity-sku-28266785,1000,Pear,0.70,G,Ideal,SI1,GIA,Mined
James Allen,25657696,https://www.jamesallen.com/loose-diamonds/heart-shaped/0.72-carat-f-color-si1-clarity-sku-25657696,1000,Heart,0.72,F,Ideal,SI1,GIA,Mined
James Allen,27760233,https://www.jamesallen.com/loose-diamonds/round-cut/0.55-carat-e-color-vvs2-clarity-excellent-cut-sku-27760233,1000,Round,0.55,E,Excellent,VVS2,GIA,Mined
James Allen,24399417,https://www.jamesallen.com/loose-diamonds/round-cut/0.60-carat-i-color-si1-clarity-excellent-cut-sku-24399417,1000,Round,0.60,I,Excellent,SI1,GIA,Mined
James Allen,314905,https://www.jamesallen.com/loose-diamonds/marquise-cut/0.70-carat-e-color-si1-clarity-sku-314905,2000,Marquise,0.70,E,Good,SI1,GIA,Mined
James Allen,20889197,https://www.jamesallen.com/loose-diamonds/round-cut/0.71-carat-f-color-vs1-clarity-very-good-cut-sku-20889197,2000,Round,0.71,F,Very Good,VS1,GIA,Mined
James Allen,28451550,https://www.jamesallen.com/loose-diamonds/round-cut/0.80-carat-h-color-vs1-clarity-excellent-cut-sku-28451550,2000,Round,0.80,H,Excellent,VS1,GIA,Mined
James Allen,28629874,https://www.jamesallen.com/loose-diamonds/cushion-cut/1.01-carat-f-color-si2-clarity-sku-28629874,2000,Cushion,1.01,F,Ideal,SI2,GIA,Mined
James Allen,26557651,https://www.jamesallen.com/loose-diamonds/emerald-cut/0.70-carat-d-color-vvs2-clarity-sku-26557651,2000,Emerald,0.70,D,Good,VVS2,GIA,Mined
James Allen,19166293,https://www.jamesallen.com/loose-diamonds/round-cut/0.54-carat-e-color-vvs1-clarity-excellent-cut-sku-19166293,2000,Round,0.54,E,Excellent,VVS1,GIA,Mined
James Allen,28635863,https://www.jamesallen.com/loose-diamonds/round-cut/0.70-carat-e-color-vvs2-clarity-excellent-cut-sku-28635863,2000,Round,0.70,E,Excellent,VVS2,GIA,Mined
James Allen,14196680,https://www.jamesallen.com/loose-diamonds/round-cut/0.74-carat-h-color-if-clarity-excellent-cut-sku-14196680,2000,Round,0.74,H,Excellent,IF,GIA,Mined
James Allen,28317607,https://www.jamesallen.com/loose-diamonds/cushion-cut/1.02-carat-i-color-vvs1-clarity-sku-28317607,2000,Cushion,1.02,I,Ideal,VVS1,GIA,Mined
James Allen,28477726,https://www.jamesallen.com/loose-diamonds/round-cut/0.90-carat-d-color-si1-clarity-excellent-cut-sku-28477726,2000,Round,0.90,D,Excellent,SI1,GIA,Mined
James Allen,25658141,https://www.jamesallen.com/loose-diamonds/round-cut/0.81-carat-f-color-vvs1-clarity-very-good-cut-sku-25658141,2000,Round,0.81,F,Very Good,VVS1,IGI,Lab Grown
James Allen,5976664,https://www.jamesallen.com/loose-diamonds/round-cut/0.70-carat-e-color-vs2-clarity-excellent-cut-sku-5976664,2000,Round,0.70,E,Excellent,VS2,GIA,Mined
James Allen,28298542,https://www.jamesallen.com/loose-diamonds/heart-shaped/0.91-carat-e-color-vvs2-clarity-sku-28298542,2000,Heart,0.91,E,Ideal,VVS2,GIA,Mined
James Allen,22793507,https://www.jamesallen.com/loose-diamonds/asscher-cut/0.90-carat-i-color-vs2-clarity-sku-22793507,2000,Asscher,0.90,I,Good,VS2,GIA,Mined
James Allen,28214117,https://www.jamesallen.com/loose-diamonds/round-cut/0.73-carat-g-color-if-clarity-excellent-cut-sku-28214117,2000,Round,0.73,G,Excellent,IF,GIA,Mined
James Allen,14776130,https://www.jamesallen.com/loose-diamonds/oval-cut/1.01-carat-e-color-i1-clarity-sku-14776130,2000,Oval,1.01,E,Very Good,I1,GIA,Mined
James Allen,25917274,https://www.jamesallen.com/loose-diamonds/heart-shaped/1.02-carat-f-color-si2-clarity-sku-25917274,2000,Heart,1.02,F,Ideal,SI2,GIA,Mined
James Allen,14753676,https://www.jamesallen.com/loose-diamonds/emerald-cut/0.94-carat-e-color-si2-clarity-sku-14753676,2000,Emerald,0.94,E,Good,SI2,GIA,Mined
James Allen,22556925,https://www.jamesallen.com/loose-diamonds/round-cut/1.01-carat-f-color-i1-clarity-excellent-cut-sku-22556925,2000,Round,1.01,F,Excellent,I1,GIA,Mined
James Allen,27217741,https://www.jamesallen.com/loose-diamonds/round-cut/1.30-carat-l-color-si1-clarity-excellent-cut-sku-27217741,2000,Round,1.30,L,Excellent,SI1,GIA,Mined
James Allen,26375623,https://www.jamesallen.com/loose-diamonds/round-cut/0.55-carat-d-color-if-clarity-excellent-cut-sku-26375623,2000,Round,0.55,D,Excellent,IF,GIA,Mined
James Allen,24864286,https://www.jamesallen.com/loose-diamonds/asscher-cut/0.48-carat-d-color-if-clarity-sku-24864286,2000,Asscher,0.48,D,Very Good,IF,GIA,Mined
James Allen,26375620,https://www.jamesallen.com/loose-diamonds/round-cut/0.55-carat-d-color-if-clarity-excellent-cut-sku-26375620,2000,Round,0.55,D,Excellent,IF,GIA,Mined
James Allen,16195635,https://www.jamesallen.com/loose-diamonds/cushion-cut/1.20-carat-h-color-si2-clarity-sku-16195635,2000,Cushion,1.20,H,Good,SI2,GIA,Mined
James Allen,28217742,https://www.jamesallen.com/loose-diamonds/oval-cut/0.70-carat-d-color-vvs1-clarity-sku-28217742,2000,Oval,0.70,D,Good,VVS1,GIA,Mined
James Allen,18108810,https://www.jamesallen.com/loose-diamonds/round-cut/0.71-carat-f-color-vs1-clarity-excellent-cut-sku-18108810,2000,Round,0.71,F,Excellent,VS1,GIA,Mined
James Allen,27567562,https://www.jamesallen.com/loose-diamonds/cushion-cut/1.01-carat-f-color-vs1-clarity-sku-27567562,2000,Cushion,1.01,F,Very Good,VS1,GIA,Mined
James Allen,28217655,https://www.jamesallen.com/loose-diamonds/pear-shaped/0.71-carat-f-color-vs1-clarity-sku-28217655,2000,Pear,0.71,F,Very Good,VS1,GIA,Mined
James Allen,28412358,https://www.jamesallen.com/loose-diamonds/marquise-cut/0.72-carat-d-color-vs2-clarity-sku-28412358,2000,Marquise,0.72,D,Very Good,VS2,GIA,Mined
James Allen,28216856,https://www.jamesallen.com/loose-diamonds/marquise-cut/0.71-carat-f-color-if-clarity-sku-28216856,2000,Marquise,0.71,F,Very Good,IF,GIA,Mined
James Allen,28214249,https://www.jamesallen.com/loose-diamonds/round-cut/0.70-carat-d-color-vs1-clarity-excellent-cut-sku-28214249,2000,Round,0.70,D,Excellent,VS1,GIA,Mined
James Allen,5629140,https://www.jamesallen.com/loose-diamonds/cushion-cut/0.77-carat-f-color-si1-clarity-sku-5629140,2000,Cushion,0.77,F,Very Good,SI1,GIA,Mined
James Allen,16612475,https://www.jamesallen.com/loose-diamonds/cushion-cut/1.01-carat-e-color-si1-clarity-sku-16612475,3500,Cushion,1.01,E,Very Good,SI1,GIA,Mined
James Allen,21229624,https://www.jamesallen.com/loose-diamonds/round-cut/1.43-carat-k-color-si1-clarity-excellent-cut-sku-21229624,3500,Round,1.43,K,Excellent,SI1,GIA,Mined
James Allen,10187564,https://www.jamesallen.com/loose-diamonds/cushion-cut/1.02-carat-g-color-si2-clarity-sku-10187564,3500,Cushion,1.02,G,Good,SI2,GIA,Mined
James Allen,24212056,https://www.jamesallen.com/loose-diamonds/asscher-cut/1.01-carat-d-color-vvs2-clarity-sku-24212056,3500,Asscher,1.01,D,Good,VVS2,GIA,Mined
James Allen,28315482,https://www.jamesallen.com/loose-diamonds/pear-shaped/1.01-carat-g-color-vs2-clarity-sku-28315482,3500,Pear,1.01,G,Very Good,VS2,GIA,Mined
James Allen,25903884,https://www.jamesallen.com/loose-diamonds/asscher-cut/1.50-carat-j-color-si1-clarity-sku-25903884,3500,Asscher,1.50,J,Very Good,SI1,GIA,Mined
James Allen,28315546,https://www.jamesallen.com/loose-diamonds/round-cut/1.00-carat-g-color-vs2-clarity-excellent-cut-sku-28315546,3500,Round,1.00,G,Excellent,VS2,GIA,Mined
James Allen,18186670,https://www.jamesallen.com/loose-diamonds/round-cut/0.90-carat-i-color-vs2-clarity-excellent-cut-sku-18186670,3500,Round,0.90,I,Excellent,VS2,GIA,Mined
James Allen,18085262,https://www.jamesallen.com/loose-diamonds/round-cut/1.26-carat-j-color-vvs2-clarity-excellent-cut-sku-18085262,3500,Round,1.26,J,Excellent,VVS2,GIA,Mined
James Allen,28622326,https://www.jamesallen.com/loose-diamonds/oval-cut/1.01-carat-h-color-vvs2-clarity-sku-28622326,3500,Oval,1.01,H,Good,VVS2,GIA,Mined
James Allen,28209988,https://www.jamesallen.com/loose-diamonds/round-cut/1.00-carat-h-color-vs1-clarity-excellent-cut-sku-28209988,3500,Round,1.00,H,Excellent,VS1,GIA,Mined
James Allen,7694879,https://www.jamesallen.com/loose-diamonds/round-cut/1.02-carat-f-color-i1-clarity-very-good-cut-sku-7694879,3500,Round,1.02,F,Very Good,I1,GIA,Mined
James Allen,14361411,https://www.jamesallen.com/loose-diamonds/oval-cut/1.01-carat-h-color-si1-clarity-sku-14361411,3500,Oval,1.01,H,Ideal,SI1,GIA,Mined
James Allen,25667706,https://www.jamesallen.com/loose-diamonds/oval-cut/1.20-carat-e-color-si2-clarity-sku-25667706,3500,Oval,1.20,E,Very Good,SI2,GIA,Mined
James Allen,28487166,https://www.jamesallen.com/loose-diamonds/round-cut/1.20-carat-h-color-vs1-clarity-excellent-cut-sku-28487166,3500,Round,1.20,H,Excellent,VS1,IGI,Lab Grown
James Allen,28336881,https://www.jamesallen.com/loose-diamonds/pear-shaped/1.01-carat-g-color-vvs1-clarity-sku-28336881,3500,Pear,1.01,G,Very Good,VVS1,GIA,Mined
James Allen,26632732,https://www.jamesallen.com/loose-diamonds/round-cut/1.06-carat-h-color-if-clarity-excellent-cut-sku-26632732,3500,Round,1.06,H,Excellent,IF,IGI,Lab Grown
James Allen,20330186,https://www.jamesallen.com/loose-diamonds/princess-cut/1.50-carat-j-color-vs1-clarity-sku-20330186,3500,Princess,1.50,J,Very Good,VS1,IGI,Lab Grown
James Allen,17692460,https://www.jamesallen.com/loose-diamonds/round-cut/1.00-carat-h-color-vs1-clarity-excellent-cut-sku-17692460,3500,Round,1.00,H,Excellent,VS1,GIA,Mined
James Allen,25142090,https://www.jamesallen.com/loose-diamonds/oval-cut/1.20-carat-g-color-si2-clarity-sku-25142090,3500,Oval,1.20,G,Very Good,SI2,GIA,Mined
James Allen,26862157,https://www.jamesallen.com/loose-diamonds/round-cut/0.70-carat-d-color-if-clarity-excellent-cut-sku-26862157,3500,Round,0.70,D,Excellent,IF,GIA,Mined
James Allen,27519632,https://www.jamesallen.com/loose-diamonds/round-cut/0.82-carat-d-color-vvs1-clarity-excellent-cut-sku-27519632,3500,Round,0.82,D,Excellent,VVS1,GIA,Mined
James Allen,26584805,https://www.jamesallen.com/loose-diamonds/round-cut/1.50-carat-j-color-vs1-clarity-very-good-cut-sku-26584805,3500,Round,1.50,J,Very Good,VS1,IGI,Lab Grown
James Allen,8456428,https://www.jamesallen.com/loose-diamonds/radiant-cut/1.07-carat-h-color-si1-clarity-sku-8456428,3500,Radiant,1.07,H,Very Good,SI1,GIA,Mined
James Allen,28608246,https://www.jamesallen.com/loose-diamonds/asscher-cut/1.20-carat-f-color-vs2-clarity-sku-28608246,3500,Asscher,1.20,F,Very Good,VS2,GIA,Mined
James Allen,26332069,https://www.jamesallen.com/loose-diamonds/princess-cut/1.50-carat-h-color-i1-clarity-sku-26332069,3500,Princess,1.50,H,Ideal,I1,GIA,Mined
James Allen,28720506,https://www.jamesallen.com/loose-diamonds/princess-cut/1.00-carat-f-color-vvs1-clarity-sku-28720506,3500,Princess,1.00,F,Ideal,VVS1,GIA,Mined
James Allen,24438633,https://www.jamesallen.com/loose-diamonds/heart-shaped/1.00-carat-e-color-vvs2-clarity-sku-24438633,3500,Heart,1.00,E,Ideal,VVS2,GIA,Mined
James Allen,16356062,https://www.jamesallen.com/loose-diamonds/round-cut/1.13-carat-f-color-si2-clarity-excellent-cut-sku-16356062,3500,Round,1.13,F,Excellent,SI2,GIA,Mined
James Allen,26036129,https://www.jamesallen.com/loose-diamonds/round-cut/1.02-carat-g-color-si1-clarity-excellent-cut-sku-26036129,3500,Round,1.02,G,Excellent,SI1,GIA,Mined
James Allen,27155815,https://www.jamesallen.com/loose-diamonds/oval-cut/0.54-carat-d-color-fl-clarity-sku-27155815,3500,Oval,0.54,D,Very Good,FL,GIA,Mined
James Allen,14873890,https://www.jamesallen.com/loose-diamonds/emerald-cut/0.90-carat-d-color-vs1-clarity-sku-14873890,3500,Emerald,0.90,D,Good,VS1,GIA,Mined
James Allen,28453470,https://www.jamesallen.com/loose-diamonds/round-cut/1.51-carat-i-color-si2-clarity-excellent-cut-sku-28453470,6000,Round,1.51,I,Excellent,SI2,GIA,Mined
James Allen,28453474,https://www.jamesallen.com/loose-diamonds/round-cut/1.51-carat-i-color-si2-clarity-excellent-cut-sku-28453474,6000,Round,1.51,I,Excellent,SI2,GIA,Mined
James Allen,28485559,https://www.jamesallen.com/loose-diamonds/round-cut/1.51-carat-i-color-si2-clarity-excellent-cut-sku-28485559,6000,Round,1.51,I,Excellent,SI2,GIA,Mined
James Allen,6212086,https://www.jamesallen.com/loose-diamonds/princess-cut/1.51-carat-k-color-si1-clarity-sku-6212086,6000,Princess,1.51,K,Ideal,SI1,AGS,Mined
James Allen,13924267,https://www.jamesallen.com/loose-diamonds/cushion-cut/1.23-carat-f-color-vvs1-clarity-sku-13924267,6000,Cushion,1.23,F,Very Good,VVS1,GIA,Mined
James Allen,22551059,https://www.jamesallen.com/loose-diamonds/round-cut/0.93-carat-f-color-vvs1-clarity-excellent-cut-sku-22551059,6000,Round,0.93,F,Excellent,VVS1,GIA,Mined
James Allen,15104346,https://www.jamesallen.com/loose-diamonds/round-cut/1.51-carat-g-color-si1-clarity-very-good-cut-sku-15104346,6000,Round,1.51,G,Very Good,SI1,GIA,Mined
James Allen,6212124,https://www.jamesallen.com/loose-diamonds/princess-cut/1.51-carat-k-color-si1-clarity-sku-6212124,6000,Princess,1.51,K,Ideal,SI1,AGS,Mined
James Allen,25513566,https://www.jamesallen.com/loose-diamonds/heart-shaped/1.50-carat-g-color-vs2-clarity-sku-25513566,6000,Heart,1.50,G,Ideal,VS2,GIA,Mined
James Allen,18020667,https://www.jamesallen.com/loose-diamonds/round-cut/1.40-carat-g-color-vs2-clarity-excellent-cut-sku-18020667,6000,Round,1.40,G,Excellent,VS2,GIA,Mined
James Allen,26834062,https://www.jamesallen.com/loose-diamonds/oval-cut/1.20-carat-d-color-vs2-clarity-sku-26834062,6000,Oval,1.20,D,Good,VS2,GIA,Mined
James Allen,28313575,https://www.jamesallen.com/loose-diamonds/pear-shaped/1.51-carat-i-color-vs1-clarity-sku-28313575,6000,Pear,1.51,I,Very Good,VS1,IGI,Lab Grown
James Allen,28313866,https://www.jamesallen.com/loose-diamonds/round-cut/1.00-carat-f-color-vvs2-clarity-excellent-cut-sku-28313866,6000,Round,1.00,F,Excellent,VVS2,GIA,Mined
James Allen,23202557,https://www.jamesallen.com/loose-diamonds/round-cut/1.32-carat-h-color-vs2-clarity-excellent-cut-sku-23202557,6000,Round,1.32,H,Excellent,VS2,GIA,Mined
James Allen,27817410,https://www.jamesallen.com/loose-diamonds/emerald-cut/1.02-carat-g-color-fl-clarity-sku-27817410,6000,Emerald,1.02,G,Good,FL,GIA,Mined
James Allen,28348775,https://www.jamesallen.com/loose-diamonds/pear-shaped/1.01-carat-f-color-vvs1-clarity-sku-28348775,6000,Pear,1.01,F,Very Good,VVS1,GIA,Mined
James Allen,26632175,https://www.jamesallen.com/loose-diamonds/round-cut/1.50-carat-g-color-si1-clarity-excellent-cut-sku-26632175,6000,Round,1.50,G,Excellent,SI1,GIA,Mined
James Allen,12957226,https://www.jamesallen.com/loose-diamonds/round-cut/1.70-carat-g-color-i1-clarity-excellent-cut-sku-12957226,6000,Round,1.70,G,Excellent,I1,GIA,Mined
James Allen,28303849,https://www.jamesallen.com/loose-diamonds/round-cut/1.00-carat-f-color-vvs1-clarity-excellent-cut-sku-28303849,6000,Round,1.00,F,Excellent,VVS1,GIA,Mined
James Allen,20715185,https://www.jamesallen.com/loose-diamonds/round-cut/1.10-carat-h-color-vs2-clarity-excellent-cut-sku-20715185,6000,Round,1.10,H,Excellent,VS2,GIA,Mined
James Allen,28516164,https://www.jamesallen.com/loose-diamonds/round-cut/1.52-carat-g-color-si2-clarity-excellent-cut-sku-28516164,6000,Round,1.52,G,Excellent,SI2,GIA,Mined
James Allen,26735287,https://www.jamesallen.com/loose-diamonds/round-cut/1.03-carat-e-color-vs1-clarity-excellent-cut-sku-26735287,6000,Round,1.03,E,Excellent,VS1,GIA,Mined
James Allen,24531326,https://www.jamesallen.com/loose-diamonds/round-cut/1.51-carat-g-color-i1-clarity-good-cut-sku-24531326,6000,Round,1.51,G,Good,I1,GIA,Mined
James Allen,26096581,https://www.jamesallen.com/loose-diamonds/princess-cut/1.50-carat-g-color-vs1-clarity-sku-26096581,6000,Princess,1.50,G,Ideal,VS1,GIA,Mined
James Allen,25653579,https://www.jamesallen.com/loose-diamonds/oval-cut/1.51-carat-i-color-si2-clarity-sku-25653579,6000,Oval,1.51,I,Very Good,SI2,GIA,Mined
James Allen,17662845,https://www.jamesallen.com/loose-diamonds/cushion-cut/1.51-carat-j-color-si1-clarity-sku-17662845,6000,Cushion,1.51,J,Very Good,SI1,GIA,Mined
James Allen,20452917,https://www.jamesallen.com/loose-diamonds/emerald-cut/1.51-carat-j-color-vs2-clarity-sku-20452917,6000,Emerald,1.51,J,Good,VS2,GIA,Mined
James Allen,28395568,https://www.jamesallen.com/loose-diamonds/round-cut/1.00-carat-d-color-vs1-clarity-excellent-cut-sku-28395568,6000,Round,1.00,D,Excellent,VS1,GIA,Mined
James Allen,27008211,https://www.jamesallen.com/loose-diamonds/marquise-cut/1.02-carat-f-color-vs1-clarity-sku-27008211,6000,Marquise,1.02,F,Very Good,VS1,GIA,Mined
James Allen,28495463,https://www.jamesallen.com/loose-diamonds/cushion-cut/1.52-carat-g-color-vvs2-clarity-sku-28495463,6000,Cushion,1.52,G,Very Good,VVS2,GIA,Mined
James Allen,26146473,https://www.jamesallen.com/loose-diamonds/oval-cut/1.51-carat-i-color-vvs1-clarity-sku-26146473,6000,Oval,1.51,I,Very Good,VVS1,IGI,Lab Grown
James Allen,26106246,https://www.jamesallen.com/loose-diamonds/princess-cut/1.70-carat-j-color-vvs2-clarity-sku-26106246,6000,Princess,1.70,J,Ideal,VVS2,GIA,Mined